File,Overall_RMS
300,0.12739762229599028
Data_with_NaN_Column,0.2614469702975646
PC_fan,0.037046471463330656
Rpi_fan,0.26145024352721763
